insert into tbl_todo_api (title, writer, content, complete, created_at, modified_at, deleted_at) values ('Canyon Passage', 'user1', 'Duis bibendum, felis sed interdum venenatis, turpis enim blandit mi, in porttitor pede justo eu massa. Donec dapibus. Duis at velit eu est congue elementum.

In hac habitasse platea dictumst. Morbi vestibulum, velit id pretium iaculis, diam erat fermentum justo, nec condimentum neque sapien placerat ante. Nulla justo.

Aliquam quis turpis eget elit sodales scelerisque. Mauris sit amet eros. Suspendisse accumsan tortor quis turpis.', false, '2022-12-30 23:28:15', '2023-03-04 23:38:52', null);
insert into tbl_todo_api (title, writer, content, complete, created_at, modified_at, deleted_at) values ('Case of the Grinning Cat, The (Chats perchés)', 'user1', 'Aliquam quis turpis eget elit sodales scelerisque. Mauris sit amet eros. Suspendisse accumsan tortor quis turpis.

Sed ante. Vivamus tortor. Duis mattis egestas metus.

Aenean fermentum. Donec ut mauris eget massa tempor convallis. Nulla neque libero, convallis eget, eleifend luctus, ultricies eu, nibh.', true, '2023-07-02 16:35:30', '2023-05-18 13:06:41', null);
insert into tbl_todo_api (title, writer, content, complete, created_at, modified_at, deleted_at) values ('Mister Lonely', 'user1', 'Nam ultrices, libero non mattis pulvinar, nulla pede ullamcorper augue, a suscipit nulla elit ac nulla. Sed vel enim sit amet nunc viverra dapibus. Nulla suscipit ligula in lacus.

Curabitur at ipsum ac tellus semper interdum. Mauris ullamcorper purus sit amet nulla. Quisque arcu libero, rutrum ac, lobortis vel, dapibus at, diam.', false, '2023-07-29 12:58:23', '2023-02-28 15:14:15', null);
insert into tbl_todo_api (title, writer, content, complete, created_at, modified_at, deleted_at) values ('Back to the Future', 'user1', 'Cum sociis natoque penatibus et magnis dis parturient montes, nascetur ridiculus mus. Vivamus vestibulum sagittis sapien. Cum sociis natoque penatibus et magnis dis parturient montes, nascetur ridiculus mus.

Etiam vel augue. Vestibulum rutrum rutrum neque. Aenean auctor gravida sem.

Praesent id massa id nisl venenatis lacinia. Aenean sit amet justo. Morbi ut odio.', true, '2023-03-05 22:28:52', '2023-02-08 01:34:09', null);
insert into tbl_todo_api (title, writer, content, complete, created_at, modified_at, deleted_at) values ('Little Fish', 'user1', 'Nullam porttitor lacus at turpis. Donec posuere metus vitae ipsum. Aliquam non mauris.', false, '2023-07-27 18:35:15', '2023-09-06 22:29:50', null);
insert into tbl_todo_api (title, writer, content, complete, created_at, modified_at, deleted_at) values ('May I Kill U?', 'user1', 'In hac habitasse platea dictumst. Morbi vestibulum, velit id pretium iaculis, diam erat fermentum justo, nec condimentum neque sapien placerat ante. Nulla justo.

Aliquam quis turpis eget elit sodales scelerisque. Mauris sit amet eros. Suspendisse accumsan tortor quis turpis.

Sed ante. Vivamus tortor. Duis mattis egestas metus.', true, '2023-03-30 17:29:57', '2023-11-17 14:33:24', null);
insert into tbl_todo_api (title, writer, content, complete, created_at, modified_at, deleted_at) values ('Thief of Bagdad, The', 'user1', 'Phasellus in felis. Donec semper sapien a libero. Nam dui.

Proin leo odio, porttitor id, consequat in, consequat ut, nulla. Sed accumsan felis. Ut at dolor quis odio consequat varius.

Integer ac leo. Pellentesque ultrices mattis odio. Donec vitae nisi.', false, '2023-01-16 07:16:06', '2023-08-02 20:44:46', null);
insert into tbl_todo_api (title, writer, content, complete, created_at, modified_at, deleted_at) values ('Last of the Mohicans, The', 'user1', 'Nam ultrices, libero non mattis pulvinar, nulla pede ullamcorper augue, a suscipit nulla elit ac nulla. Sed vel enim sit amet nunc viverra dapibus. Nulla suscipit ligula in lacus.

Curabitur at ipsum ac tellus semper interdum. Mauris ullamcorper purus sit amet nulla. Quisque arcu libero, rutrum ac, lobortis vel, dapibus at, diam.', true, '2023-08-30 21:25:14', '2023-05-22 17:32:38', null);
insert into tbl_todo_api (title, writer, content, complete, created_at, modified_at, deleted_at) values ('On the Threshold (Lars i porten)', 'user1', 'Aenean fermentum. Donec ut mauris eget massa tempor convallis. Nulla neque libero, convallis eget, eleifend luctus, ultricies eu, nibh.

Quisque id justo sit amet sapien dignissim vestibulum. Vestibulum ante ipsum primis in faucibus orci luctus et ultrices posuere cubilia Curae; Nulla dapibus dolor vel est. Donec odio justo, sollicitudin ut, suscipit a, feugiat et, eros.', true, '2023-04-02 16:31:09', '2023-02-05 17:29:47', null);
insert into tbl_todo_api (title, writer, content, complete, created_at, modified_at, deleted_at) values ('In the Mood For Love (Fa yeung nin wa)', 'user1', 'Praesent blandit. Nam nulla. Integer pede justo, lacinia eget, tincidunt eget, tempus vel, pede.

Morbi porttitor lorem id ligula. Suspendisse ornare consequat lectus. In est risus, auctor sed, tristique in, tempus sit amet, sem.', false, '2023-12-05 20:55:51', '2023-09-06 16:18:27', null);
insert into tbl_todo_api (title, writer, content, complete, created_at, modified_at, deleted_at) values ('Beneath the Harvest Sky', 'user1', 'Proin eu mi. Nulla ac enim. In tempor, turpis nec euismod scelerisque, quam turpis adipiscing lorem, vitae mattis nibh ligula nec sem.

Duis aliquam convallis nunc. Proin at turpis a pede posuere nonummy. Integer non velit.', true, '2023-05-14 07:11:16', '2023-10-28 18:52:32', null);
insert into tbl_todo_api (title, writer, content, complete, created_at, modified_at, deleted_at) values ('Turkish Dance, Ella Lola', 'user1', 'In quis justo. Maecenas rhoncus aliquam lacus. Morbi quis tortor id nulla ultrices aliquet.

Maecenas leo odio, condimentum id, luctus nec, molestie sed, justo. Pellentesque viverra pede ac diam. Cras pellentesque volutpat dui.', false, '2023-04-24 17:42:02', '2023-05-26 16:44:36', null);
insert into tbl_todo_api (title, writer, content, complete, created_at, modified_at, deleted_at) values ('Brotherhood, The', 'user1', 'Quisque id justo sit amet sapien dignissim vestibulum. Vestibulum ante ipsum primis in faucibus orci luctus et ultrices posuere cubilia Curae; Nulla dapibus dolor vel est. Donec odio justo, sollicitudin ut, suscipit a, feugiat et, eros.

Vestibulum ac est lacinia nisi venenatis tristique. Fusce congue, diam id ornare imperdiet, sapien urna pretium nisl, ut volutpat sapien arcu sed augue. Aliquam erat volutpat.', false, '2023-11-14 05:43:42', '2023-02-17 04:09:50', null);
insert into tbl_todo_api (title, writer, content, complete, created_at, modified_at, deleted_at) values ('Milk of Sorrow, The (Teta asustada, La)', 'user1', 'Lorem ipsum dolor sit amet, consectetuer adipiscing elit. Proin risus. Praesent lectus.

Vestibulum quam sapien, varius ut, blandit non, interdum in, ante. Vestibulum ante ipsum primis in faucibus orci luctus et ultrices posuere cubilia Curae; Duis faucibus accumsan odio. Curabitur convallis.', false, '2023-05-02 12:59:53', '2023-04-30 12:38:46', null);
insert into tbl_todo_api (title, writer, content, complete, created_at, modified_at, deleted_at) values ('End of the Game (Der Richter und sein Henker)', 'user1', 'Curabitur in libero ut massa volutpat convallis. Morbi odio odio, elementum eu, interdum eu, tincidunt in, leo. Maecenas pulvinar lobortis est.', true, '2023-09-12 10:33:49', '2023-09-02 17:05:41', null);
insert into tbl_todo_api (title, writer, content, complete, created_at, modified_at, deleted_at) values ('Lucky Them', 'user1', 'Duis bibendum. Morbi non quam nec dui luctus rutrum. Nulla tellus.

In sagittis dui vel nisl. Duis ac nibh. Fusce lacus purus, aliquet at, feugiat non, pretium quis, lectus.

Suspendisse potenti. In eleifend quam a odio. In hac habitasse platea dictumst.', true, '2023-10-29 00:38:44', '2023-06-27 11:25:32', null);
insert into tbl_todo_api (title, writer, content, complete, created_at, modified_at, deleted_at) values ('Woman in the Fifth, The (Femme du Vème, La)', 'user1', 'In sagittis dui vel nisl. Duis ac nibh. Fusce lacus purus, aliquet at, feugiat non, pretium quis, lectus.

Suspendisse potenti. In eleifend quam a odio. In hac habitasse platea dictumst.

Maecenas ut massa quis augue luctus tincidunt. Nulla mollis molestie lorem. Quisque ut erat.', true, '2023-07-01 20:48:30', '2023-08-21 06:10:44', null);
insert into tbl_todo_api (title, writer, content, complete, created_at, modified_at, deleted_at) values ('Missing in Action', 'user1', 'Curabitur in libero ut massa volutpat convallis. Morbi odio odio, elementum eu, interdum eu, tincidunt in, leo. Maecenas pulvinar lobortis est.

Phasellus sit amet erat. Nulla tempus. Vivamus in felis eu sapien cursus vestibulum.', true, '2023-06-02 10:14:45', '2023-06-02 16:14:36', null);
insert into tbl_todo_api (title, writer, content, complete, created_at, modified_at, deleted_at) values ('Just My Luck', 'user1', 'Duis bibendum. Morbi non quam nec dui luctus rutrum. Nulla tellus.', true, '2023-06-15 12:47:40', '2023-09-03 03:56:37', null);
insert into tbl_todo_api (title, writer, content, complete, created_at, modified_at, deleted_at) values ('Santa Clause 2, The', 'user1', 'Sed sagittis. Nam congue, risus semper porta volutpat, quam pede lobortis ligula, sit amet eleifend pede libero quis orci. Nullam molestie nibh in lectus.

Pellentesque at nulla. Suspendisse potenti. Cras in purus eu magna vulputate luctus.

Cum sociis natoque penatibus et magnis dis parturient montes, nascetur ridiculus mus. Vivamus vestibulum sagittis sapien. Cum sociis natoque penatibus et magnis dis parturient montes, nascetur ridiculus mus.', true, '2023-02-04 18:16:07', '2023-12-11 02:24:49', null);
insert into tbl_todo_api (title, writer, content, complete, created_at, modified_at, deleted_at) values ('20th Century Boys - Chapter 1: Beginning of the End', 'user1', 'Quisque porta volutpat erat. Quisque erat eros, viverra eget, congue eget, semper rutrum, nulla. Nunc purus.

Phasellus in felis. Donec semper sapien a libero. Nam dui.', false, '2023-07-18 05:35:43', '2023-10-11 01:40:48', null);
insert into tbl_todo_api (title, writer, content, complete, created_at, modified_at, deleted_at) values ('Ichi the Killer (Koroshiya 1)', 'user1', 'Maecenas leo odio, condimentum id, luctus nec, molestie sed, justo. Pellentesque viverra pede ac diam. Cras pellentesque volutpat dui.

Maecenas tristique, est et tempus semper, est quam pharetra magna, ac consequat metus sapien ut nunc. Vestibulum ante ipsum primis in faucibus orci luctus et ultrices posuere cubilia Curae; Mauris viverra diam vitae quam. Suspendisse potenti.

Nullam porttitor lacus at turpis. Donec posuere metus vitae ipsum. Aliquam non mauris.', true, '2023-08-08 00:34:39', '2023-01-26 19:48:35', null);
insert into tbl_todo_api (title, writer, content, complete, created_at, modified_at, deleted_at) values ('Heaven''s Gate', 'user1', 'Morbi non lectus. Aliquam sit amet diam in magna bibendum imperdiet. Nullam orci pede, venenatis non, sodales sed, tincidunt eu, felis.

Fusce posuere felis sed lacus. Morbi sem mauris, laoreet ut, rhoncus aliquet, pulvinar sed, nisl. Nunc rhoncus dui vel sem.', false, '2023-12-11 06:04:26', '2023-03-07 11:37:10', null);
insert into tbl_todo_api (title, writer, content, complete, created_at, modified_at, deleted_at) values ('Taking of Power by Louis XIV, The (Prise de pouvoir par Louis XIV, La)', 'user1', 'Praesent id massa id nisl venenatis lacinia. Aenean sit amet justo. Morbi ut odio.', true, '2023-08-17 14:46:59', '2023-06-19 00:00:48', null);
insert into tbl_todo_api (title, writer, content, complete, created_at, modified_at, deleted_at) values ('Once Bitten', 'user1', 'Maecenas tristique, est et tempus semper, est quam pharetra magna, ac consequat metus sapien ut nunc. Vestibulum ante ipsum primis in faucibus orci luctus et ultrices posuere cubilia Curae; Mauris viverra diam vitae quam. Suspendisse potenti.', true, '2023-01-18 14:14:16', '2023-08-10 07:07:00', null);
insert into tbl_todo_api (title, writer, content, complete, created_at, modified_at, deleted_at) values ('House of Seven Corpses, The', 'user1', 'Maecenas tristique, est et tempus semper, est quam pharetra magna, ac consequat metus sapien ut nunc. Vestibulum ante ipsum primis in faucibus orci luctus et ultrices posuere cubilia Curae; Mauris viverra diam vitae quam. Suspendisse potenti.

Nullam porttitor lacus at turpis. Donec posuere metus vitae ipsum. Aliquam non mauris.', false, '2023-02-09 12:10:05', '2023-04-08 17:12:53', null);
insert into tbl_todo_api (title, writer, content, complete, created_at, modified_at, deleted_at) values ('Gabby Douglas Story, The', 'user1', 'Duis bibendum, felis sed interdum venenatis, turpis enim blandit mi, in porttitor pede justo eu massa. Donec dapibus. Duis at velit eu est congue elementum.', false, '2023-02-03 19:48:50', '2023-09-17 18:02:45', null);
insert into tbl_todo_api (title, writer, content, complete, created_at, modified_at, deleted_at) values ('Buried Alive II', 'user1', 'Mauris enim leo, rhoncus sed, vestibulum sit amet, cursus id, turpis. Integer aliquet, massa id lobortis convallis, tortor risus dapibus augue, vel accumsan tellus nisi eu orci. Mauris lacinia sapien quis libero.

Nullam sit amet turpis elementum ligula vehicula consequat. Morbi a ipsum. Integer a nibh.

In quis justo. Maecenas rhoncus aliquam lacus. Morbi quis tortor id nulla ultrices aliquet.', false, '2023-08-10 18:17:32', '2023-04-26 08:04:45', null);
insert into tbl_todo_api (title, writer, content, complete, created_at, modified_at, deleted_at) values ('Brainstorm (Bicho de Sete Cabeças)', 'user1', 'Maecenas ut massa quis augue luctus tincidunt. Nulla mollis molestie lorem. Quisque ut erat.

Curabitur gravida nisi at nibh. In hac habitasse platea dictumst. Aliquam augue quam, sollicitudin vitae, consectetuer eget, rutrum at, lorem.', true, '2023-07-04 17:02:31', '2023-11-07 05:24:25', null);
insert into tbl_todo_api (title, writer, content, complete, created_at, modified_at, deleted_at) values ('Deep Blue Sea', 'user1', 'Proin eu mi. Nulla ac enim. In tempor, turpis nec euismod scelerisque, quam turpis adipiscing lorem, vitae mattis nibh ligula nec sem.

Duis aliquam convallis nunc. Proin at turpis a pede posuere nonummy. Integer non velit.

Donec diam neque, vestibulum eget, vulputate ut, ultrices vel, augue. Vestibulum ante ipsum primis in faucibus orci luctus et ultrices posuere cubilia Curae; Donec pharetra, magna vestibulum aliquet ultrices, erat tortor sollicitudin mi, sit amet lobortis sapien sapien non mi. Integer ac neque.', true, '2023-06-05 12:24:11', '2023-12-13 07:51:33', null);
insert into tbl_todo_api (title, writer, content, complete, created_at, modified_at, deleted_at) values ('Doctor Detroit', 'user1', 'Duis consequat dui nec nisi volutpat eleifend. Donec ut dolor. Morbi vel lectus in quam fringilla rhoncus.

Mauris enim leo, rhoncus sed, vestibulum sit amet, cursus id, turpis. Integer aliquet, massa id lobortis convallis, tortor risus dapibus augue, vel accumsan tellus nisi eu orci. Mauris lacinia sapien quis libero.

Nullam sit amet turpis elementum ligula vehicula consequat. Morbi a ipsum. Integer a nibh.', false, '2023-04-20 16:01:23', '2023-07-02 23:21:56', null);
insert into tbl_todo_api (title, writer, content, complete, created_at, modified_at, deleted_at) values ('Welcome to the Rileys', 'user1', 'Donec diam neque, vestibulum eget, vulputate ut, ultrices vel, augue. Vestibulum ante ipsum primis in faucibus orci luctus et ultrices posuere cubilia Curae; Donec pharetra, magna vestibulum aliquet ultrices, erat tortor sollicitudin mi, sit amet lobortis sapien sapien non mi. Integer ac neque.

Duis bibendum. Morbi non quam nec dui luctus rutrum. Nulla tellus.

In sagittis dui vel nisl. Duis ac nibh. Fusce lacus purus, aliquet at, feugiat non, pretium quis, lectus.', false, '2023-04-17 10:03:42', '2023-06-18 19:41:50', null);
insert into tbl_todo_api (title, writer, content, complete, created_at, modified_at, deleted_at) values ('Dr. Goldfoot and the Girl Bombs (Le spie vengono dal semifreddo)', 'user1', 'Phasellus in felis. Donec semper sapien a libero. Nam dui.', true, '2023-05-06 02:39:22', '2023-04-01 03:09:38', null);
insert into tbl_todo_api (title, writer, content, complete, created_at, modified_at, deleted_at) values ('Eyes Wide Open (Einayim Petukhoth)', 'user1', 'In quis justo. Maecenas rhoncus aliquam lacus. Morbi quis tortor id nulla ultrices aliquet.', true, '2022-12-29 05:58:23', '2023-05-05 11:16:17', null);
insert into tbl_todo_api (title, writer, content, complete, created_at, modified_at, deleted_at) values ('Eddie and the Cruisers II: Eddie Lives!', 'user1', 'Duis bibendum. Morbi non quam nec dui luctus rutrum. Nulla tellus.

In sagittis dui vel nisl. Duis ac nibh. Fusce lacus purus, aliquet at, feugiat non, pretium quis, lectus.

Suspendisse potenti. In eleifend quam a odio. In hac habitasse platea dictumst.', false, '2023-06-03 04:07:24', '2023-05-28 21:25:12', null);
insert into tbl_todo_api (title, writer, content, complete, created_at, modified_at, deleted_at) values ('Guide for the Married Man, A', 'user1', 'In hac habitasse platea dictumst. Etiam faucibus cursus urna. Ut tellus.

Nulla ut erat id mauris vulputate elementum. Nullam varius. Nulla facilisi.

Cras non velit nec nisi vulputate nonummy. Maecenas tincidunt lacus at velit. Vivamus vel nulla eget eros elementum pellentesque.', false, '2023-05-08 02:12:21', '2023-05-02 14:21:57', null);
insert into tbl_todo_api (title, writer, content, complete, created_at, modified_at, deleted_at) values ('Derrida', 'user1', 'Duis aliquam convallis nunc. Proin at turpis a pede posuere nonummy. Integer non velit.

Donec diam neque, vestibulum eget, vulputate ut, ultrices vel, augue. Vestibulum ante ipsum primis in faucibus orci luctus et ultrices posuere cubilia Curae; Donec pharetra, magna vestibulum aliquet ultrices, erat tortor sollicitudin mi, sit amet lobortis sapien sapien non mi. Integer ac neque.', true, '2023-02-05 18:48:00', '2023-07-15 10:58:44', null);
insert into tbl_todo_api (title, writer, content, complete, created_at, modified_at, deleted_at) values ('Fast and the Furious: Tokyo Drift, The (Fast and the Furious 3, The)', 'user1', 'Maecenas ut massa quis augue luctus tincidunt. Nulla mollis molestie lorem. Quisque ut erat.

Curabitur gravida nisi at nibh. In hac habitasse platea dictumst. Aliquam augue quam, sollicitudin vitae, consectetuer eget, rutrum at, lorem.

Integer tincidunt ante vel ipsum. Praesent blandit lacinia erat. Vestibulum sed magna at nunc commodo placerat.', false, '2023-11-10 06:27:50', '2023-09-25 05:29:37', null);
insert into tbl_todo_api (title, writer, content, complete, created_at, modified_at, deleted_at) values ('12:08 East of Bucharest (A fost sau n-a fost?)', 'user1', 'Nulla ut erat id mauris vulputate elementum. Nullam varius. Nulla facilisi.', false, '2023-02-12 20:58:46', '2023-03-15 05:04:06', null);
insert into tbl_todo_api (title, writer, content, complete, created_at, modified_at, deleted_at) values ('Jefferson in Paris', 'user1', 'Duis bibendum, felis sed interdum venenatis, turpis enim blandit mi, in porttitor pede justo eu massa. Donec dapibus. Duis at velit eu est congue elementum.

In hac habitasse platea dictumst. Morbi vestibulum, velit id pretium iaculis, diam erat fermentum justo, nec condimentum neque sapien placerat ante. Nulla justo.

Aliquam quis turpis eget elit sodales scelerisque. Mauris sit amet eros. Suspendisse accumsan tortor quis turpis.', false, '2023-01-15 03:36:32', '2023-08-09 05:42:31', null);
insert into tbl_todo_api (title, writer, content, complete, created_at, modified_at, deleted_at) values ('Rosetta', 'user1', 'Donec diam neque, vestibulum eget, vulputate ut, ultrices vel, augue. Vestibulum ante ipsum primis in faucibus orci luctus et ultrices posuere cubilia Curae; Donec pharetra, magna vestibulum aliquet ultrices, erat tortor sollicitudin mi, sit amet lobortis sapien sapien non mi. Integer ac neque.', true, '2023-11-17 04:28:15', '2023-03-03 09:29:06', null);
insert into tbl_todo_api (title, writer, content, complete, created_at, modified_at, deleted_at) values ('Babette Goes to War', 'user1', 'Nullam porttitor lacus at turpis. Donec posuere metus vitae ipsum. Aliquam non mauris.', false, '2023-03-05 07:40:17', '2023-05-09 07:16:32', null);
insert into tbl_todo_api (title, writer, content, complete, created_at, modified_at, deleted_at) values ('Sometime in August (Mitte Ende August)', 'user1', 'In quis justo. Maecenas rhoncus aliquam lacus. Morbi quis tortor id nulla ultrices aliquet.', true, '2023-10-03 06:40:13', '2023-08-03 08:54:27', null);
insert into tbl_todo_api (title, writer, content, complete, created_at, modified_at, deleted_at) values ('Hovering Over the Water (À Flor do Mar)', 'user1', 'Proin interdum mauris non ligula pellentesque ultrices. Phasellus id sapien in sapien iaculis congue. Vivamus metus arcu, adipiscing molestie, hendrerit at, vulputate vitae, nisl.

Aenean lectus. Pellentesque eget nunc. Donec quis orci eget orci vehicula condimentum.

Curabitur in libero ut massa volutpat convallis. Morbi odio odio, elementum eu, interdum eu, tincidunt in, leo. Maecenas pulvinar lobortis est.', true, '2023-02-08 00:03:54', '2022-12-17 03:43:18', null);
insert into tbl_todo_api (title, writer, content, complete, created_at, modified_at, deleted_at) values ('Cazuza - O Tempo Não Pára', 'user1', 'Cras mi pede, malesuada in, imperdiet et, commodo vulputate, justo. In blandit ultrices enim. Lorem ipsum dolor sit amet, consectetuer adipiscing elit.', false, '2023-06-13 10:23:06', '2023-04-30 04:02:54', null);
insert into tbl_todo_api (title, writer, content, complete, created_at, modified_at, deleted_at) values ('Mannequin 2: On the Move', 'user1', 'Vestibulum quam sapien, varius ut, blandit non, interdum in, ante. Vestibulum ante ipsum primis in faucibus orci luctus et ultrices posuere cubilia Curae; Duis faucibus accumsan odio. Curabitur convallis.

Duis consequat dui nec nisi volutpat eleifend. Donec ut dolor. Morbi vel lectus in quam fringilla rhoncus.

Mauris enim leo, rhoncus sed, vestibulum sit amet, cursus id, turpis. Integer aliquet, massa id lobortis convallis, tortor risus dapibus augue, vel accumsan tellus nisi eu orci. Mauris lacinia sapien quis libero.', false, '2023-05-26 22:03:07', '2023-01-28 08:40:55', null);
insert into tbl_todo_api (title, writer, content, complete, created_at, modified_at, deleted_at) values ('Dreams That Money Can Buy', 'user1', 'Etiam vel augue. Vestibulum rutrum rutrum neque. Aenean auctor gravida sem.

Praesent id massa id nisl venenatis lacinia. Aenean sit amet justo. Morbi ut odio.

Cras mi pede, malesuada in, imperdiet et, commodo vulputate, justo. In blandit ultrices enim. Lorem ipsum dolor sit amet, consectetuer adipiscing elit.', false, '2023-08-24 00:18:04', '2023-08-16 15:27:19', null);
insert into tbl_todo_api (title, writer, content, complete, created_at, modified_at, deleted_at) values ('100 Feet', 'user1', 'Duis aliquam convallis nunc. Proin at turpis a pede posuere nonummy. Integer non velit.

Donec diam neque, vestibulum eget, vulputate ut, ultrices vel, augue. Vestibulum ante ipsum primis in faucibus orci luctus et ultrices posuere cubilia Curae; Donec pharetra, magna vestibulum aliquet ultrices, erat tortor sollicitudin mi, sit amet lobortis sapien sapien non mi. Integer ac neque.', true, '2023-04-15 14:55:33', '2023-12-13 14:45:20', null);
insert into tbl_todo_api (title, writer, content, complete, created_at, modified_at, deleted_at) values ('Exorcism of Emily Rose, The', 'user1', 'Proin eu mi. Nulla ac enim. In tempor, turpis nec euismod scelerisque, quam turpis adipiscing lorem, vitae mattis nibh ligula nec sem.

Duis aliquam convallis nunc. Proin at turpis a pede posuere nonummy. Integer non velit.

Donec diam neque, vestibulum eget, vulputate ut, ultrices vel, augue. Vestibulum ante ipsum primis in faucibus orci luctus et ultrices posuere cubilia Curae; Donec pharetra, magna vestibulum aliquet ultrices, erat tortor sollicitudin mi, sit amet lobortis sapien sapien non mi. Integer ac neque.', true, '2023-06-16 23:44:25', '2023-11-21 19:49:27', null);
insert into tbl_todo_api (title, writer, content, complete, created_at, modified_at, deleted_at) values ('Coherence', 'user1', 'Pellentesque at nulla. Suspendisse potenti. Cras in purus eu magna vulputate luctus.', false, '2023-03-03 16:37:35', '2023-01-06 01:15:24', null);
insert into tbl_todo_api (title, writer, content, complete, created_at, modified_at, deleted_at) values ('Boogeyman, The', 'user2', 'Aenean lectus. Pellentesque eget nunc. Donec quis orci eget orci vehicula condimentum.', false, '2023-05-10 06:39:49', '2023-04-15 08:49:25', null);
insert into tbl_todo_api (title, writer, content, complete, created_at, modified_at, deleted_at) values ('Cross Creek', 'user2', 'Cras mi pede, malesuada in, imperdiet et, commodo vulputate, justo. In blandit ultrices enim. Lorem ipsum dolor sit amet, consectetuer adipiscing elit.', false, '2023-03-04 21:36:38', '2023-07-28 03:11:29', null);
insert into tbl_todo_api (title, writer, content, complete, created_at, modified_at, deleted_at) values ('Judgement Day', 'user2', 'Morbi non lectus. Aliquam sit amet diam in magna bibendum imperdiet. Nullam orci pede, venenatis non, sodales sed, tincidunt eu, felis.

Fusce posuere felis sed lacus. Morbi sem mauris, laoreet ut, rhoncus aliquet, pulvinar sed, nisl. Nunc rhoncus dui vel sem.', true, '2023-07-09 19:21:37', '2023-07-07 10:55:49', null);
insert into tbl_todo_api (title, writer, content, complete, created_at, modified_at, deleted_at) values ('Fat Kid Rules the World', 'user2', 'Proin leo odio, porttitor id, consequat in, consequat ut, nulla. Sed accumsan felis. Ut at dolor quis odio consequat varius.', false, '2023-05-06 01:52:02', '2023-02-05 00:16:46', null);
insert into tbl_todo_api (title, writer, content, complete, created_at, modified_at, deleted_at) values ('Beyond Re-Animator', 'user2', 'Sed ante. Vivamus tortor. Duis mattis egestas metus.', false, '2023-10-12 15:38:16', '2023-03-15 04:05:11', null);
insert into tbl_todo_api (title, writer, content, complete, created_at, modified_at, deleted_at) values ('Hound of the Baskervilles, The', 'user2', 'Duis consequat dui nec nisi volutpat eleifend. Donec ut dolor. Morbi vel lectus in quam fringilla rhoncus.

Mauris enim leo, rhoncus sed, vestibulum sit amet, cursus id, turpis. Integer aliquet, massa id lobortis convallis, tortor risus dapibus augue, vel accumsan tellus nisi eu orci. Mauris lacinia sapien quis libero.', true, '2023-10-05 06:06:00', '2023-07-12 22:10:11', null);
insert into tbl_todo_api (title, writer, content, complete, created_at, modified_at, deleted_at) values ('To End All Wars', 'user2', 'Aliquam quis turpis eget elit sodales scelerisque. Mauris sit amet eros. Suspendisse accumsan tortor quis turpis.

Sed ante. Vivamus tortor. Duis mattis egestas metus.', false, '2023-09-29 18:06:01', '2023-07-14 16:02:36', null);
insert into tbl_todo_api (title, writer, content, complete, created_at, modified_at, deleted_at) values ('''R Xmas', 'user2', 'Mauris enim leo, rhoncus sed, vestibulum sit amet, cursus id, turpis. Integer aliquet, massa id lobortis convallis, tortor risus dapibus augue, vel accumsan tellus nisi eu orci. Mauris lacinia sapien quis libero.

Nullam sit amet turpis elementum ligula vehicula consequat. Morbi a ipsum. Integer a nibh.

In quis justo. Maecenas rhoncus aliquam lacus. Morbi quis tortor id nulla ultrices aliquet.', false, '2023-09-23 02:30:08', '2023-02-22 19:29:55', null);
insert into tbl_todo_api (title, writer, content, complete, created_at, modified_at, deleted_at) values ('Madhouse', 'user2', 'Phasellus sit amet erat. Nulla tempus. Vivamus in felis eu sapien cursus vestibulum.

Proin eu mi. Nulla ac enim. In tempor, turpis nec euismod scelerisque, quam turpis adipiscing lorem, vitae mattis nibh ligula nec sem.

Duis aliquam convallis nunc. Proin at turpis a pede posuere nonummy. Integer non velit.', true, '2023-11-12 23:23:07', '2023-10-31 12:55:04', null);
insert into tbl_todo_api (title, writer, content, complete, created_at, modified_at, deleted_at) values ('Go Tigers!', 'user2', 'Phasellus sit amet erat. Nulla tempus. Vivamus in felis eu sapien cursus vestibulum.

Proin eu mi. Nulla ac enim. In tempor, turpis nec euismod scelerisque, quam turpis adipiscing lorem, vitae mattis nibh ligula nec sem.

Duis aliquam convallis nunc. Proin at turpis a pede posuere nonummy. Integer non velit.', true, '2023-02-18 08:40:45', '2023-11-18 00:58:45', null);
insert into tbl_todo_api (title, writer, content, complete, created_at, modified_at, deleted_at) values ('As I Lay Dying', 'user2', 'Quisque porta volutpat erat. Quisque erat eros, viverra eget, congue eget, semper rutrum, nulla. Nunc purus.', false, '2023-06-11 15:41:51', '2023-10-13 16:53:04', null);
insert into tbl_todo_api (title, writer, content, complete, created_at, modified_at, deleted_at) values ('Land Before Time III: The Time of the Great Giving', 'user2', 'Proin leo odio, porttitor id, consequat in, consequat ut, nulla. Sed accumsan felis. Ut at dolor quis odio consequat varius.

Integer ac leo. Pellentesque ultrices mattis odio. Donec vitae nisi.', true, '2023-10-18 05:32:50', '2023-09-16 22:41:27', null);
insert into tbl_todo_api (title, writer, content, complete, created_at, modified_at, deleted_at) values ('Ringu 2 (Ring 2)', 'user2', 'Morbi porttitor lorem id ligula. Suspendisse ornare consequat lectus. In est risus, auctor sed, tristique in, tempus sit amet, sem.', true, '2023-10-05 08:41:37', '2023-03-29 21:33:26', null);
insert into tbl_todo_api (title, writer, content, complete, created_at, modified_at, deleted_at) values ('Angel in My Pocket', 'user2', 'Aenean fermentum. Donec ut mauris eget massa tempor convallis. Nulla neque libero, convallis eget, eleifend luctus, ultricies eu, nibh.

Quisque id justo sit amet sapien dignissim vestibulum. Vestibulum ante ipsum primis in faucibus orci luctus et ultrices posuere cubilia Curae; Nulla dapibus dolor vel est. Donec odio justo, sollicitudin ut, suscipit a, feugiat et, eros.

Vestibulum ac est lacinia nisi venenatis tristique. Fusce congue, diam id ornare imperdiet, sapien urna pretium nisl, ut volutpat sapien arcu sed augue. Aliquam erat volutpat.', false, '2023-08-11 07:56:06', '2023-07-01 01:58:27', null);
insert into tbl_todo_api (title, writer, content, complete, created_at, modified_at, deleted_at) values ('Task, The', 'user2', 'Suspendisse potenti. In eleifend quam a odio. In hac habitasse platea dictumst.

Maecenas ut massa quis augue luctus tincidunt. Nulla mollis molestie lorem. Quisque ut erat.

Curabitur gravida nisi at nibh. In hac habitasse platea dictumst. Aliquam augue quam, sollicitudin vitae, consectetuer eget, rutrum at, lorem.', false, '2023-07-31 13:57:43', '2023-11-27 07:34:49', null);
insert into tbl_todo_api (title, writer, content, complete, created_at, modified_at, deleted_at) values ('Game of Death', 'user2', 'Curabitur in libero ut massa volutpat convallis. Morbi odio odio, elementum eu, interdum eu, tincidunt in, leo. Maecenas pulvinar lobortis est.', true, '2023-08-27 19:44:13', '2023-09-08 00:56:14', null);
insert into tbl_todo_api (title, writer, content, complete, created_at, modified_at, deleted_at) values ('Amadeus', 'user2', 'In congue. Etiam justo. Etiam pretium iaculis justo.

In hac habitasse platea dictumst. Etiam faucibus cursus urna. Ut tellus.', false, '2023-09-29 02:22:33', '2023-09-04 11:47:37', null);
insert into tbl_todo_api (title, writer, content, complete, created_at, modified_at, deleted_at) values ('Swimmer, The', 'user2', 'Nullam porttitor lacus at turpis. Donec posuere metus vitae ipsum. Aliquam non mauris.', true, '2023-04-08 22:57:08', '2023-11-27 22:06:16', null);
insert into tbl_todo_api (title, writer, content, complete, created_at, modified_at, deleted_at) values ('Mean Season, The', 'user2', 'Praesent blandit. Nam nulla. Integer pede justo, lacinia eget, tincidunt eget, tempus vel, pede.

Morbi porttitor lorem id ligula. Suspendisse ornare consequat lectus. In est risus, auctor sed, tristique in, tempus sit amet, sem.', true, '2023-10-23 11:27:01', '2023-05-01 12:56:58', null);
insert into tbl_todo_api (title, writer, content, complete, created_at, modified_at, deleted_at) values ('Cotton Club, The', 'user2', 'Proin interdum mauris non ligula pellentesque ultrices. Phasellus id sapien in sapien iaculis congue. Vivamus metus arcu, adipiscing molestie, hendrerit at, vulputate vitae, nisl.

Aenean lectus. Pellentesque eget nunc. Donec quis orci eget orci vehicula condimentum.

Curabitur in libero ut massa volutpat convallis. Morbi odio odio, elementum eu, interdum eu, tincidunt in, leo. Maecenas pulvinar lobortis est.', true, '2023-02-03 13:32:56', '2023-04-17 23:41:07', null);
insert into tbl_todo_api (title, writer, content, complete, created_at, modified_at, deleted_at) values ('Phantom', 'user2', 'Cras non velit nec nisi vulputate nonummy. Maecenas tincidunt lacus at velit. Vivamus vel nulla eget eros elementum pellentesque.', true, '2023-09-30 05:34:24', '2023-05-04 15:11:36', null);
insert into tbl_todo_api (title, writer, content, complete, created_at, modified_at, deleted_at) values ('Critical Condition', 'user2', 'In sagittis dui vel nisl. Duis ac nibh. Fusce lacus purus, aliquet at, feugiat non, pretium quis, lectus.

Suspendisse potenti. In eleifend quam a odio. In hac habitasse platea dictumst.', false, '2023-06-15 07:51:42', '2023-03-09 13:43:52', null);
insert into tbl_todo_api (title, writer, content, complete, created_at, modified_at, deleted_at) values ('Simple Plan, A', 'user2', 'Proin interdum mauris non ligula pellentesque ultrices. Phasellus id sapien in sapien iaculis congue. Vivamus metus arcu, adipiscing molestie, hendrerit at, vulputate vitae, nisl.

Aenean lectus. Pellentesque eget nunc. Donec quis orci eget orci vehicula condimentum.

Curabitur in libero ut massa volutpat convallis. Morbi odio odio, elementum eu, interdum eu, tincidunt in, leo. Maecenas pulvinar lobortis est.', false, '2023-02-01 07:06:54', '2023-03-16 03:43:03', null);
insert into tbl_todo_api (title, writer, content, complete, created_at, modified_at, deleted_at) values ('Singing Nun, The', 'user2', 'Donec diam neque, vestibulum eget, vulputate ut, ultrices vel, augue. Vestibulum ante ipsum primis in faucibus orci luctus et ultrices posuere cubilia Curae; Donec pharetra, magna vestibulum aliquet ultrices, erat tortor sollicitudin mi, sit amet lobortis sapien sapien non mi. Integer ac neque.

Duis bibendum. Morbi non quam nec dui luctus rutrum. Nulla tellus.

In sagittis dui vel nisl. Duis ac nibh. Fusce lacus purus, aliquet at, feugiat non, pretium quis, lectus.', true, '2023-05-15 11:38:31', '2023-06-03 13:20:12', null);
insert into tbl_todo_api (title, writer, content, complete, created_at, modified_at, deleted_at) values ('Reunion', 'user2', 'Cras non velit nec nisi vulputate nonummy. Maecenas tincidunt lacus at velit. Vivamus vel nulla eget eros elementum pellentesque.', false, '2023-03-20 14:19:18', '2023-09-24 04:20:31', null);
insert into tbl_todo_api (title, writer, content, complete, created_at, modified_at, deleted_at) values ('On the Edge', 'user2', 'In congue. Etiam justo. Etiam pretium iaculis justo.', false, '2023-06-09 00:21:09', '2023-11-22 16:49:14', null);
insert into tbl_todo_api (title, writer, content, complete, created_at, modified_at, deleted_at) values ('I Am Michael', 'user2', 'Vestibulum ac est lacinia nisi venenatis tristique. Fusce congue, diam id ornare imperdiet, sapien urna pretium nisl, ut volutpat sapien arcu sed augue. Aliquam erat volutpat.

In congue. Etiam justo. Etiam pretium iaculis justo.', true, '2023-02-03 02:39:02', '2023-11-02 08:32:35', null);
insert into tbl_todo_api (title, writer, content, complete, created_at, modified_at, deleted_at) values ('Memories of Underdevelopment (Memorias del subdesarrollo)', 'user2', 'Maecenas tristique, est et tempus semper, est quam pharetra magna, ac consequat metus sapien ut nunc. Vestibulum ante ipsum primis in faucibus orci luctus et ultrices posuere cubilia Curae; Mauris viverra diam vitae quam. Suspendisse potenti.', false, '2023-01-31 16:45:03', '2023-03-01 13:47:51', null);
insert into tbl_todo_api (title, writer, content, complete, created_at, modified_at, deleted_at) values ('Ghost Ship, The', 'user2', 'Cras mi pede, malesuada in, imperdiet et, commodo vulputate, justo. In blandit ultrices enim. Lorem ipsum dolor sit amet, consectetuer adipiscing elit.

Proin interdum mauris non ligula pellentesque ultrices. Phasellus id sapien in sapien iaculis congue. Vivamus metus arcu, adipiscing molestie, hendrerit at, vulputate vitae, nisl.', false, '2023-08-10 08:40:52', '2023-02-22 17:27:25', null);
insert into tbl_todo_api (title, writer, content, complete, created_at, modified_at, deleted_at) values ('How the Myth Was Made: A Study of Robert Flaherty''s Man of Aran', 'user2', 'Proin leo odio, porttitor id, consequat in, consequat ut, nulla. Sed accumsan felis. Ut at dolor quis odio consequat varius.

Integer ac leo. Pellentesque ultrices mattis odio. Donec vitae nisi.

Nam ultrices, libero non mattis pulvinar, nulla pede ullamcorper augue, a suscipit nulla elit ac nulla. Sed vel enim sit amet nunc viverra dapibus. Nulla suscipit ligula in lacus.', true, '2023-08-20 01:46:19', '2023-05-31 17:35:24', null);
insert into tbl_todo_api (title, writer, content, complete, created_at, modified_at, deleted_at) values ('Dust of Time, The', 'user2', 'Proin eu mi. Nulla ac enim. In tempor, turpis nec euismod scelerisque, quam turpis adipiscing lorem, vitae mattis nibh ligula nec sem.

Duis aliquam convallis nunc. Proin at turpis a pede posuere nonummy. Integer non velit.

Donec diam neque, vestibulum eget, vulputate ut, ultrices vel, augue. Vestibulum ante ipsum primis in faucibus orci luctus et ultrices posuere cubilia Curae; Donec pharetra, magna vestibulum aliquet ultrices, erat tortor sollicitudin mi, sit amet lobortis sapien sapien non mi. Integer ac neque.', true, '2023-06-06 21:23:35', '2023-09-24 21:00:59', null);
insert into tbl_todo_api (title, writer, content, complete, created_at, modified_at, deleted_at) values ('Santa''s Slay', 'user2', 'Curabitur gravida nisi at nibh. In hac habitasse platea dictumst. Aliquam augue quam, sollicitudin vitae, consectetuer eget, rutrum at, lorem.', false, '2023-08-01 01:38:29', '2023-05-13 04:33:29', null);
insert into tbl_todo_api (title, writer, content, complete, created_at, modified_at, deleted_at) values ('Bull Durham', 'user2', 'In hac habitasse platea dictumst. Morbi vestibulum, velit id pretium iaculis, diam erat fermentum justo, nec condimentum neque sapien placerat ante. Nulla justo.

Aliquam quis turpis eget elit sodales scelerisque. Mauris sit amet eros. Suspendisse accumsan tortor quis turpis.

Sed ante. Vivamus tortor. Duis mattis egestas metus.', false, '2023-11-03 14:24:24', '2023-01-19 13:12:19', null);
insert into tbl_todo_api (title, writer, content, complete, created_at, modified_at, deleted_at) values ('Mudge Boy, The', 'user2', 'Duis consequat dui nec nisi volutpat eleifend. Donec ut dolor. Morbi vel lectus in quam fringilla rhoncus.

Mauris enim leo, rhoncus sed, vestibulum sit amet, cursus id, turpis. Integer aliquet, massa id lobortis convallis, tortor risus dapibus augue, vel accumsan tellus nisi eu orci. Mauris lacinia sapien quis libero.', true, '2023-06-08 14:57:29', '2023-04-11 10:42:57', null);
insert into tbl_todo_api (title, writer, content, complete, created_at, modified_at, deleted_at) values ('Fanboys', 'user2', 'Duis bibendum. Morbi non quam nec dui luctus rutrum. Nulla tellus.

In sagittis dui vel nisl. Duis ac nibh. Fusce lacus purus, aliquet at, feugiat non, pretium quis, lectus.

Suspendisse potenti. In eleifend quam a odio. In hac habitasse platea dictumst.', false, '2023-12-12 06:21:18', '2023-08-09 16:59:13', null);
insert into tbl_todo_api (title, writer, content, complete, created_at, modified_at, deleted_at) values ('Rush: Beyond the Lighted Stage', 'user2', 'Nulla ut erat id mauris vulputate elementum. Nullam varius. Nulla facilisi.

Cras non velit nec nisi vulputate nonummy. Maecenas tincidunt lacus at velit. Vivamus vel nulla eget eros elementum pellentesque.

Quisque porta volutpat erat. Quisque erat eros, viverra eget, congue eget, semper rutrum, nulla. Nunc purus.', false, '2023-05-26 20:15:46', '2023-03-04 01:33:27', null);
insert into tbl_todo_api (title, writer, content, complete, created_at, modified_at, deleted_at) values ('M*A*S*H (a.k.a. MASH)', 'user2', 'Quisque id justo sit amet sapien dignissim vestibulum. Vestibulum ante ipsum primis in faucibus orci luctus et ultrices posuere cubilia Curae; Nulla dapibus dolor vel est. Donec odio justo, sollicitudin ut, suscipit a, feugiat et, eros.

Vestibulum ac est lacinia nisi venenatis tristique. Fusce congue, diam id ornare imperdiet, sapien urna pretium nisl, ut volutpat sapien arcu sed augue. Aliquam erat volutpat.', true, '2023-12-02 14:59:46', '2022-12-27 02:20:40', null);
insert into tbl_todo_api (title, writer, content, complete, created_at, modified_at, deleted_at) values ('Belly of the Beast', 'user2', 'Sed ante. Vivamus tortor. Duis mattis egestas metus.', true, '2023-10-29 08:40:32', '2023-10-24 16:28:43', null);
insert into tbl_todo_api (title, writer, content, complete, created_at, modified_at, deleted_at) values ('Step Up 2 the Streets', 'user2', 'In quis justo. Maecenas rhoncus aliquam lacus. Morbi quis tortor id nulla ultrices aliquet.', false, '2023-09-14 13:49:46', '2023-07-16 12:28:24', null);
insert into tbl_todo_api (title, writer, content, complete, created_at, modified_at, deleted_at) values ('Holy Land, The', 'user2', 'Proin interdum mauris non ligula pellentesque ultrices. Phasellus id sapien in sapien iaculis congue. Vivamus metus arcu, adipiscing molestie, hendrerit at, vulputate vitae, nisl.

Aenean lectus. Pellentesque eget nunc. Donec quis orci eget orci vehicula condimentum.', true, '2023-12-07 19:59:51', '2023-11-14 10:05:30', null);
insert into tbl_todo_api (title, writer, content, complete, created_at, modified_at, deleted_at) values ('Miracle Mile', 'user2', 'Sed ante. Vivamus tortor. Duis mattis egestas metus.

Aenean fermentum. Donec ut mauris eget massa tempor convallis. Nulla neque libero, convallis eget, eleifend luctus, ultricies eu, nibh.

Quisque id justo sit amet sapien dignissim vestibulum. Vestibulum ante ipsum primis in faucibus orci luctus et ultrices posuere cubilia Curae; Nulla dapibus dolor vel est. Donec odio justo, sollicitudin ut, suscipit a, feugiat et, eros.', true, '2023-07-30 20:43:23', '2023-09-10 12:36:44', null);
insert into tbl_todo_api (title, writer, content, complete, created_at, modified_at, deleted_at) values ('Katsastus', 'user2', 'Cum sociis natoque penatibus et magnis dis parturient montes, nascetur ridiculus mus. Vivamus vestibulum sagittis sapien. Cum sociis natoque penatibus et magnis dis parturient montes, nascetur ridiculus mus.

Etiam vel augue. Vestibulum rutrum rutrum neque. Aenean auctor gravida sem.

Praesent id massa id nisl venenatis lacinia. Aenean sit amet justo. Morbi ut odio.', true, '2023-01-19 08:53:52', '2023-07-17 03:35:54', null);
insert into tbl_todo_api (title, writer, content, complete, created_at, modified_at, deleted_at) values ('Divorce', 'user2', 'Nullam porttitor lacus at turpis. Donec posuere metus vitae ipsum. Aliquam non mauris.

Morbi non lectus. Aliquam sit amet diam in magna bibendum imperdiet. Nullam orci pede, venenatis non, sodales sed, tincidunt eu, felis.', false, '2023-03-30 11:49:09', '2023-04-24 03:45:05', null);
insert into tbl_todo_api (title, writer, content, complete, created_at, modified_at, deleted_at) values ('Léon: The Professional (a.k.a. The Professional) (Léon)', 'user2', 'Proin interdum mauris non ligula pellentesque ultrices. Phasellus id sapien in sapien iaculis congue. Vivamus metus arcu, adipiscing molestie, hendrerit at, vulputate vitae, nisl.

Aenean lectus. Pellentesque eget nunc. Donec quis orci eget orci vehicula condimentum.', false, '2023-06-10 09:24:43', '2023-07-23 18:47:15', null);
insert into tbl_todo_api (title, writer, content, complete, created_at, modified_at, deleted_at) values ('The Hour of the Lynx', 'user2', 'Duis bibendum. Morbi non quam nec dui luctus rutrum. Nulla tellus.

In sagittis dui vel nisl. Duis ac nibh. Fusce lacus purus, aliquet at, feugiat non, pretium quis, lectus.', true, '2023-09-09 07:13:23', '2023-09-05 22:46:41', null);
insert into tbl_todo_api (title, writer, content, complete, created_at, modified_at, deleted_at) values ('Antonio das Mortes (O Dragão da Maldade contra o Santo Guerreiro)', 'user2', 'Mauris enim leo, rhoncus sed, vestibulum sit amet, cursus id, turpis. Integer aliquet, massa id lobortis convallis, tortor risus dapibus augue, vel accumsan tellus nisi eu orci. Mauris lacinia sapien quis libero.

Nullam sit amet turpis elementum ligula vehicula consequat. Morbi a ipsum. Integer a nibh.

In quis justo. Maecenas rhoncus aliquam lacus. Morbi quis tortor id nulla ultrices aliquet.', false, '2023-08-06 08:14:23', '2023-09-11 19:47:27', null);
insert into tbl_todo_api (title, writer, content, complete, created_at, modified_at, deleted_at) values ('Clambake', 'user2', 'Sed sagittis. Nam congue, risus semper porta volutpat, quam pede lobortis ligula, sit amet eleifend pede libero quis orci. Nullam molestie nibh in lectus.

Pellentesque at nulla. Suspendisse potenti. Cras in purus eu magna vulputate luctus.

Cum sociis natoque penatibus et magnis dis parturient montes, nascetur ridiculus mus. Vivamus vestibulum sagittis sapien. Cum sociis natoque penatibus et magnis dis parturient montes, nascetur ridiculus mus.', false, '2023-10-21 18:08:18', '2023-04-04 02:02:19', null);
insert into tbl_todo_api (title, writer, content, complete, created_at, modified_at, deleted_at) values ('Scarlet Clue, The (Charlie Chan in the Scarlet Clue)', 'user2', 'Maecenas tristique, est et tempus semper, est quam pharetra magna, ac consequat metus sapien ut nunc. Vestibulum ante ipsum primis in faucibus orci luctus et ultrices posuere cubilia Curae; Mauris viverra diam vitae quam. Suspendisse potenti.

Nullam porttitor lacus at turpis. Donec posuere metus vitae ipsum. Aliquam non mauris.

Morbi non lectus. Aliquam sit amet diam in magna bibendum imperdiet. Nullam orci pede, venenatis non, sodales sed, tincidunt eu, felis.', false, '2023-09-25 16:50:27', '2023-07-13 16:45:58', null);
insert into tbl_todo_api (title, writer, content, complete, created_at, modified_at, deleted_at) values ('Purge: Anarchy, The', 'user2', 'Duis consequat dui nec nisi volutpat eleifend. Donec ut dolor. Morbi vel lectus in quam fringilla rhoncus.

Mauris enim leo, rhoncus sed, vestibulum sit amet, cursus id, turpis. Integer aliquet, massa id lobortis convallis, tortor risus dapibus augue, vel accumsan tellus nisi eu orci. Mauris lacinia sapien quis libero.

Nullam sit amet turpis elementum ligula vehicula consequat. Morbi a ipsum. Integer a nibh.', true, '2023-01-21 21:27:04', '2023-09-02 06:34:11', null);
insert into tbl_todo_api (title, writer, content, complete, created_at, modified_at, deleted_at) values ('Great Bank Hoax, The', 'user2', 'Cum sociis natoque penatibus et magnis dis parturient montes, nascetur ridiculus mus. Vivamus vestibulum sagittis sapien. Cum sociis natoque penatibus et magnis dis parturient montes, nascetur ridiculus mus.

Etiam vel augue. Vestibulum rutrum rutrum neque. Aenean auctor gravida sem.', false, '2023-08-06 10:58:36', '2023-02-26 06:26:00', null);

insert into reply (todo_tno, reply_text, writer, created_at, modified_at, deleted_at) values (100, 'Focus', 'user1', '2023-03-28 11:19:47', '2023-08-31 10:24:29', null);
insert into reply (todo_tno, reply_text, writer, created_at, modified_at, deleted_at) values (100, 'Spanish Apartment, The (L''auberge espagnole)', 'user1', '2023-08-14 00:35:29', '2023-11-29 14:55:38', null);
insert into reply (todo_tno, reply_text, writer, created_at, modified_at, deleted_at) values (100, 'Soo (Art of Revenge)', 'user1', '2023-11-30 17:44:08', '2023-08-18 11:13:57', null);
insert into reply (todo_tno, reply_text, writer, created_at, modified_at, deleted_at) values (100, 'Teenagers from Outer Space', 'user1', '2023-02-26 04:41:57', '2023-09-25 21:08:10', null);
insert into reply (todo_tno, reply_text, writer, created_at, modified_at, deleted_at) values (100, 'Pepe', 'user1', '2023-02-24 04:16:14', '2023-12-10 05:00:05', null);
insert into reply (todo_tno, reply_text, writer, created_at, modified_at, deleted_at) values (100, 'Yeh Jawaani Hai Deewani', 'user1', '2023-08-16 03:50:53', '2023-01-23 21:31:11', null);
insert into reply (todo_tno, reply_text, writer, created_at, modified_at, deleted_at) values (100, 'Knute Rockne All American', 'user1', '2023-09-07 11:14:55', '2022-12-26 14:05:54', null);
insert into reply (todo_tno, reply_text, writer, created_at, modified_at, deleted_at) values (100, 'Cassandra Crossing, The', 'user1', '2023-06-27 13:32:35', '2023-02-06 11:29:06', null);
insert into reply (todo_tno, reply_text, writer, created_at, modified_at, deleted_at) values (100, 'Father Goose', 'user1', '2023-05-18 19:33:45', '2023-07-25 03:08:16', null);
insert into reply (todo_tno, reply_text, writer, created_at, modified_at, deleted_at) values (100, 'Polyester', 'user1', '2023-11-26 15:30:47', '2023-06-26 20:38:39', null);
insert into reply (todo_tno, reply_text, writer, created_at, modified_at, deleted_at) values (100, 'Supercondriaque', 'user1', '2023-12-05 09:57:21', '2023-01-08 11:30:42', null);
insert into reply (todo_tno, reply_text, writer, created_at, modified_at, deleted_at) values (100, 'Evil That Men Do, The', 'user1', '2023-09-13 06:44:53', '2023-10-19 16:18:33', null);
insert into reply (todo_tno, reply_text, writer, created_at, modified_at, deleted_at) values (100, 'Surprise', 'user1', '2023-02-12 02:47:45', '2023-10-15 04:20:39', null);
insert into reply (todo_tno, reply_text, writer, created_at, modified_at, deleted_at) values (100, 'Idiot, The (Hakuchi)', 'user1', '2023-01-05 05:24:39', '2023-02-01 13:16:37', null);
insert into reply (todo_tno, reply_text, writer, created_at, modified_at, deleted_at) values (100, 'Chasing Papi (a.k.a. Papi Chulo)', 'user1', '2023-04-30 23:56:32', '2023-11-16 18:15:01', null);
insert into reply (todo_tno, reply_text, writer, created_at, modified_at, deleted_at) values (100, 'Too Late the Hero', 'user1', '2023-05-21 01:25:32', '2023-07-17 04:35:59', null);
insert into reply (todo_tno, reply_text, writer, created_at, modified_at, deleted_at) values (100, 'A.K.', 'user1', '2023-11-16 13:47:59', '2023-03-05 09:28:43', null);
insert into reply (todo_tno, reply_text, writer, created_at, modified_at, deleted_at) values (100, 'À propos de Nice', 'user1', '2023-06-16 06:59:22', '2023-09-14 22:31:27', null);
insert into reply (todo_tno, reply_text, writer, created_at, modified_at, deleted_at) values (100, 'Rest Stop', 'user1', '2023-03-07 14:59:15', '2023-06-15 09:39:47', null);
insert into reply (todo_tno, reply_text, writer, created_at, modified_at, deleted_at) values (100, 'Death in Brunswick', 'user1', '2023-06-27 19:41:37', '2023-05-19 23:54:26', null);
insert into reply (todo_tno, reply_text, writer, created_at, modified_at, deleted_at) values (100, 'Lock Up', 'user1', '2023-03-18 15:06:46', '2023-10-30 08:45:34', null);
insert into reply (todo_tno, reply_text, writer, created_at, modified_at, deleted_at) values (100, 'Let''s Scare Jessica to Death', 'user1', '2023-12-13 04:56:50', '2023-11-05 21:53:42', null);
insert into reply (todo_tno, reply_text, writer, created_at, modified_at, deleted_at) values (100, 'Canterbury Tales, The (I racconti di Canterbury)', 'user1', '2023-01-19 20:51:01', '2023-09-06 05:30:02', null);
insert into reply (todo_tno, reply_text, writer, created_at, modified_at, deleted_at) values (100, 'Western', 'user1', '2023-04-27 16:17:55', '2023-05-27 06:22:06', null);
insert into reply (todo_tno, reply_text, writer, created_at, modified_at, deleted_at) values (100, 'Alien³ (a.k.a. Alien 3)', 'user1', '2023-09-23 03:58:01', '2023-07-13 17:14:09', null);
insert into reply (todo_tno, reply_text, writer, created_at, modified_at, deleted_at) values (100, 'Mishima: A Life in Four Chapters', 'user1', '2023-12-16 19:09:44', '2023-05-28 03:35:26', null);
insert into reply (todo_tno, reply_text, writer, created_at, modified_at, deleted_at) values (100, 'Valley of Head Hunters', 'user1', '2023-08-23 09:33:18', '2023-02-09 17:27:39', null);
insert into reply (todo_tno, reply_text, writer, created_at, modified_at, deleted_at) values (100, 'Command Decision', 'user1', '2023-02-18 13:02:06', '2023-09-16 05:21:48', null);
insert into reply (todo_tno, reply_text, writer, created_at, modified_at, deleted_at) values (100, 'All About Lily Chou-Chou (Riri Shushu no subete)', 'user1', '2023-04-25 00:34:36', '2023-08-08 21:44:32', null);
insert into reply (todo_tno, reply_text, writer, created_at, modified_at, deleted_at) values (100, 'Student of the Year', 'user1', '2023-03-17 10:50:11', '2023-04-23 23:45:25', null);
insert into reply (todo_tno, reply_text, writer, created_at, modified_at, deleted_at) values (100, 'Native Son', 'user1', '2023-04-18 11:51:43', '2023-11-21 17:36:41', null);
insert into reply (todo_tno, reply_text, writer, created_at, modified_at, deleted_at) values (100, 'Safe Passage', 'user1', '2023-12-10 04:05:04', '2023-12-15 04:19:57', null);
insert into reply (todo_tno, reply_text, writer, created_at, modified_at, deleted_at) values (100, 'Address Unknown (Suchwiin bulmyeong)', 'user1', '2023-03-20 05:32:38', '2023-04-26 22:43:41', null);
insert into reply (todo_tno, reply_text, writer, created_at, modified_at, deleted_at) values (100, 'D3: The Mighty Ducks', 'user1', '2023-08-07 13:39:39', '2023-03-16 03:12:13', null);
insert into reply (todo_tno, reply_text, writer, created_at, modified_at, deleted_at) values (100, 'Ward, The', 'user1', '2023-09-05 00:35:58', '2023-09-04 20:16:13', null);
insert into reply (todo_tno, reply_text, writer, created_at, modified_at, deleted_at) values (100, 'Michael', 'user1', '2023-02-07 06:00:34', '2023-05-13 07:22:59', null);
insert into reply (todo_tno, reply_text, writer, created_at, modified_at, deleted_at) values (100, 'Mad Dog Time', 'user1', '2023-06-09 08:39:52', '2023-05-13 06:07:52', null);
insert into reply (todo_tno, reply_text, writer, created_at, modified_at, deleted_at) values (100, 'Garage', 'user1', '2023-12-11 12:14:50', '2023-04-10 06:17:24', null);
insert into reply (todo_tno, reply_text, writer, created_at, modified_at, deleted_at) values (100, 'Where Is the Friend''s Home? (Where Is My Friend''s House?) (Khane-ye doust kodjast?)', 'user1', '2023-08-02 07:48:55', '2023-03-21 04:43:10', null);
insert into reply (todo_tno, reply_text, writer, created_at, modified_at, deleted_at) values (100, 'Haunted Castle', 'user1', '2023-03-14 12:40:24', '2023-02-14 17:37:54', null);
insert into reply (todo_tno, reply_text, writer, created_at, modified_at, deleted_at) values (100, 'First Grader, The', 'user1', '2023-10-05 11:27:42', '2023-11-14 20:47:56', null);
insert into reply (todo_tno, reply_text, writer, created_at, modified_at, deleted_at) values (100, 'Unfinished Song (Song for Marion)', 'user1', '2023-11-19 17:58:30', '2023-07-07 04:37:59', null);
insert into reply (todo_tno, reply_text, writer, created_at, modified_at, deleted_at) values (100, 'Samurai Assassin (Samurai)', 'user1', '2023-08-21 01:09:47', '2023-12-07 07:12:56', null);
insert into reply (todo_tno, reply_text, writer, created_at, modified_at, deleted_at) values (100, 'Speedway', 'user1', '2023-01-31 14:34:21', '2023-08-27 10:12:32', null);
insert into reply (todo_tno, reply_text, writer, created_at, modified_at, deleted_at) values (100, 'Torremolinos 73', 'user1', '2022-12-25 13:14:17', '2023-12-04 04:13:10', null);
insert into reply (todo_tno, reply_text, writer, created_at, modified_at, deleted_at) values (100, 'Hot Shots! Part Deux', 'user1', '2023-10-22 07:08:55', '2023-03-28 11:32:48', null);
insert into reply (todo_tno, reply_text, writer, created_at, modified_at, deleted_at) values (100, 'My Boy Jack', 'user1', '2023-11-09 08:01:21', '2023-11-04 05:11:41', null);
insert into reply (todo_tno, reply_text, writer, created_at, modified_at, deleted_at) values (100, 'Why Not Me? (Pourquoi pas moi ?)', 'user1', '2023-05-03 13:55:33', '2023-12-08 12:50:16', null);
insert into reply (todo_tno, reply_text, writer, created_at, modified_at, deleted_at) values (100, 'Saint Jack', 'user1', '2023-07-20 12:48:34', '2023-05-19 18:15:44', null);
insert into reply (todo_tno, reply_text, writer, created_at, modified_at, deleted_at) values (100, 'Red Dawn', 'user1', '2023-12-02 00:02:57', '2023-12-17 22:09:15', null);
insert into reply (todo_tno, reply_text, writer, created_at, modified_at, deleted_at) values (100, 'Hide and Seek', 'user1', '2023-02-15 22:23:15', '2023-05-17 17:16:27', null);
insert into reply (todo_tno, reply_text, writer, created_at, modified_at, deleted_at) values (100, 'House of Flying Daggers (Shi mian mai fu)', 'user1', '2023-10-18 22:31:06', '2023-08-22 21:19:21', null);
insert into reply (todo_tno, reply_text, writer, created_at, modified_at, deleted_at) values (100, 'Ali: Fear Eats the Soul (Angst essen Seele auf)', 'user1', '2023-03-02 12:00:51', '2023-06-17 19:41:00', null);
insert into reply (todo_tno, reply_text, writer, created_at, modified_at, deleted_at) values (100, 'Our Idiot Brother', 'user1', '2023-04-28 14:48:02', '2023-07-26 02:51:29', null);
insert into reply (todo_tno, reply_text, writer, created_at, modified_at, deleted_at) values (100, 'Death Machine', 'user1', '2023-02-11 09:55:35', '2023-08-22 11:24:30', null);
insert into reply (todo_tno, reply_text, writer, created_at, modified_at, deleted_at) values (100, 'Island of the Burning Damned (Night of the Big Heat)', 'user1', '2023-03-05 06:53:05', '2023-01-06 06:36:37', null);
insert into reply (todo_tno, reply_text, writer, created_at, modified_at, deleted_at) values (100, 'NeverEnding Story, The', 'user1', '2023-12-10 12:34:05', '2023-10-09 00:03:49', null);
insert into reply (todo_tno, reply_text, writer, created_at, modified_at, deleted_at) values (100, 'Pretty/Handsome', 'user1', '2023-05-17 22:17:55', '2023-06-01 03:59:01', null);
insert into reply (todo_tno, reply_text, writer, created_at, modified_at, deleted_at) values (100, 'Execution of P, The (Kinatay)', 'user1', '2023-10-30 06:42:52', '2023-09-20 23:45:54', null);
insert into reply (todo_tno, reply_text, writer, created_at, modified_at, deleted_at) values (100, 'Vacancy 2: The First Cut', 'user1', '2023-05-01 18:53:20', '2023-01-04 06:43:59', null);
insert into reply (todo_tno, reply_text, writer, created_at, modified_at, deleted_at) values (100, 'Sniper', 'user1', '2023-02-27 09:31:09', '2023-09-18 00:43:40', null);
insert into reply (todo_tno, reply_text, writer, created_at, modified_at, deleted_at) values (100, 'Mr. Destiny', 'user1', '2023-07-28 18:02:17', '2023-04-19 08:55:50', null);
insert into reply (todo_tno, reply_text, writer, created_at, modified_at, deleted_at) values (100, 'Art of Flight, The', 'user1', '2023-02-07 11:54:28', '2023-11-30 00:09:10', null);
insert into reply (todo_tno, reply_text, writer, created_at, modified_at, deleted_at) values (100, 'Big Pun: The Legacy', 'user1', '2023-09-13 17:27:47', '2023-12-06 02:39:22', null);
insert into reply (todo_tno, reply_text, writer, created_at, modified_at, deleted_at) values (100, 'Leprechaun 2', 'user1', '2023-01-27 00:18:02', '2023-05-24 11:44:22', null);
insert into reply (todo_tno, reply_text, writer, created_at, modified_at, deleted_at) values (100, 'God Is the Bigger Elvis', 'user1', '2023-11-22 08:36:01', '2023-06-09 10:56:58', null);
insert into reply (todo_tno, reply_text, writer, created_at, modified_at, deleted_at) values (100, 'Event, The', 'user1', '2023-09-17 08:01:21', '2023-05-25 03:49:19', null);
insert into reply (todo_tno, reply_text, writer, created_at, modified_at, deleted_at) values (100, 'Kill Me Later', 'user1', '2023-06-27 01:28:48', '2023-06-04 01:11:06', null);
insert into reply (todo_tno, reply_text, writer, created_at, modified_at, deleted_at) values (100, 'Detention of the Dead', 'user1', '2023-03-28 23:57:20', '2023-08-21 21:55:16', null);
insert into reply (todo_tno, reply_text, writer, created_at, modified_at, deleted_at) values (100, 'Cowspiracy: The Sustainability Secret', 'user1', '2023-02-06 15:03:16', '2023-06-05 12:36:47', null);
insert into reply (todo_tno, reply_text, writer, created_at, modified_at, deleted_at) values (100, 'Weird Science', 'user1', '2023-01-14 03:20:36', '2023-09-25 20:39:09', null);
insert into reply (todo_tno, reply_text, writer, created_at, modified_at, deleted_at) values (100, 'Cameraman: The Life and Work of Jack Cardiff', 'user1', '2023-04-30 22:28:08', '2023-03-27 17:58:00', null);
insert into reply (todo_tno, reply_text, writer, created_at, modified_at, deleted_at) values (100, 'Star Trek: Generations', 'user1', '2023-07-30 23:51:18', '2022-12-21 09:55:10', null);
insert into reply (todo_tno, reply_text, writer, created_at, modified_at, deleted_at) values (100, 'Perfect Holiday, The', 'user1', '2023-08-17 16:50:46', '2023-06-15 23:03:40', null);
insert into reply (todo_tno, reply_text, writer, created_at, modified_at, deleted_at) values (100, 'A Gathering of Eagles', 'user1', '2023-09-23 23:12:49', '2023-06-15 16:40:52', null);
insert into reply (todo_tno, reply_text, writer, created_at, modified_at, deleted_at) values (100, 'International, The', 'user1', '2023-05-24 06:04:40', '2023-03-10 14:29:55', null);
insert into reply (todo_tno, reply_text, writer, created_at, modified_at, deleted_at) values (100, 'Ingmar Bergman Makes a Movie (Ingmar Bergman gör en film)', 'user1', '2023-02-20 09:50:01', '2023-05-30 00:29:28', null);
insert into reply (todo_tno, reply_text, writer, created_at, modified_at, deleted_at) values (100, 'What Would Jesus Buy?', 'user1', '2023-03-07 11:41:07', '2023-04-25 00:16:01', null);
insert into reply (todo_tno, reply_text, writer, created_at, modified_at, deleted_at) values (100, 'Last Night', 'user1', '2023-06-11 09:17:35', '2023-07-11 04:55:19', null);
insert into reply (todo_tno, reply_text, writer, created_at, modified_at, deleted_at) values (100, 'Perched on a Tree (Sur un arbre perché)', 'user1', '2023-03-02 22:58:19', '2023-04-23 21:04:53', null);
insert into reply (todo_tno, reply_text, writer, created_at, modified_at, deleted_at) values (100, 'Rollo and the Woods Sprite (Rölli ja metsänhenki)', 'user1', '2023-11-08 04:24:50', '2023-04-18 02:51:33', null);
insert into reply (todo_tno, reply_text, writer, created_at, modified_at, deleted_at) values (100, 'Man Next Door, The (El hombre de al lado)', 'user1', '2023-03-13 12:53:04', '2023-07-28 00:25:41', null);
insert into reply (todo_tno, reply_text, writer, created_at, modified_at, deleted_at) values (100, 'Snow Queen, The (Lumikuningatar)', 'user1', '2023-04-11 10:06:09', '2023-05-18 22:08:00', null);
insert into reply (todo_tno, reply_text, writer, created_at, modified_at, deleted_at) values (100, '''Twas the Night Before Christmas', 'user1', '2023-04-03 04:02:52', '2023-08-13 21:37:28', null);
insert into reply (todo_tno, reply_text, writer, created_at, modified_at, deleted_at) values (100, 'Crystal Lake Memories: The Complete History of Friday the 13th', 'user1', '2023-02-22 11:41:02', '2023-04-06 21:40:45', null);
insert into reply (todo_tno, reply_text, writer, created_at, modified_at, deleted_at) values (100, 'Traffic (Trafic)', 'user1', '2023-04-27 23:16:40', '2023-01-25 16:42:45', null);
insert into reply (todo_tno, reply_text, writer, created_at, modified_at, deleted_at) values (100, 'You Are So Beautiful (Je vous trouve très beau)', 'user1', '2023-05-31 06:45:47', '2023-11-11 23:22:56', null);
insert into reply (todo_tno, reply_text, writer, created_at, modified_at, deleted_at) values (100, 'Nude Bomb, The', 'user1', '2023-10-09 15:16:00', '2023-03-20 04:44:50', null);
insert into reply (todo_tno, reply_text, writer, created_at, modified_at, deleted_at) values (100, 'Religulous', 'user1', '2023-01-28 20:04:33', '2023-06-11 09:39:01', null);
insert into reply (todo_tno, reply_text, writer, created_at, modified_at, deleted_at) values (100, 'Love Life', 'user1', '2023-01-20 22:45:14', '2023-02-23 07:23:35', null);
insert into reply (todo_tno, reply_text, writer, created_at, modified_at, deleted_at) values (100, 'My Name Is Julia Ross', 'user1', '2023-05-13 20:16:54', '2023-08-17 20:31:55', null);
insert into reply (todo_tno, reply_text, writer, created_at, modified_at, deleted_at) values (100, 'Dead Fury', 'user1', '2023-10-15 04:03:09', '2023-04-23 19:12:38', null);
insert into reply (todo_tno, reply_text, writer, created_at, modified_at, deleted_at) values (100, 'Keane', 'user1', '2023-08-17 22:17:56', '2023-10-10 15:54:18', null);
insert into reply (todo_tno, reply_text, writer, created_at, modified_at, deleted_at) values (100, 'Chant of Jimmy Blacksmith, The', 'user1', '2023-02-14 19:40:16', '2023-04-28 02:12:56', null);
insert into reply (todo_tno, reply_text, writer, created_at, modified_at, deleted_at) values (100, 'Two Shots Fired', 'user1', '2023-03-04 05:12:26', '2023-05-14 22:30:44', null);
insert into reply (todo_tno, reply_text, writer, created_at, modified_at, deleted_at) values (100, 'Tarantella', 'user1', '2023-01-28 05:19:37', '2023-10-04 19:13:07', null);
insert into reply (todo_tno, reply_text, writer, created_at, modified_at, deleted_at) values (100, 'Carry on Cruising', 'user1', '2023-04-08 19:02:59', '2023-10-23 22:22:59', null);
insert into reply (todo_tno, reply_text, writer, created_at, modified_at, deleted_at) values (100, 'Black White + Gray: A Portrait of Sam Wagstaff and Robert Mapplethorpe ', 'user1', '2023-08-13 07:08:36', '2023-09-21 03:57:48', null);
insert into reply (todo_tno, reply_text, writer, created_at, modified_at, deleted_at) values (100, 'Fatal Attraction', 'user1', '2023-01-21 08:01:00', '2023-07-17 03:14:45', null);
insert into reply (todo_tno, reply_text, writer, created_at, modified_at, deleted_at) values (100, 'Destroyer', 'user1', '2023-06-24 01:07:39', '2023-05-03 11:21:24', null);



insert into api_user (mid, mpw) values ('user1', '$2a$04$AijefY.p/olr9D4yT906lOGjKXhW1MoMDpShaEuSiZ.h24UW9lEi2');
insert into api_user (mid, mpw) values ('user2', '$2a$04$KaVQ7uQQjUVsZDl38mlKLOUEnRndhMrgmHgQn3oBzYWiiB43jp1Ri');
insert into api_user (mid, mpw) values ('user3', '$2a$04$LDOys6jJFMWSTWkbzGeHr.lz9PkevY2X0UIX/DZwiMQpWyBGgT4zK');
insert into api_user (mid, mpw) values ('user4', '$2a$04$Z9fPvhFx5W19XCq4X0VwhurRxyrhfGICK7QwquzNocHgUQnJpHcv.');
insert into api_user (mid, mpw) values ('user5', '$2a$04$WLFnVRXnBx7Y73LgTXj8COFF6/yIqM5FJHpthsOpODVyFHpbiZbUW');
insert into api_user (mid, mpw) values ('user6', '$2a$04$EoQ8utt8jvblQ6a0JV8PNufwNl4SazydwiTFXxOd/qXb1KEenJEHK');
insert into api_user (mid, mpw) values ('user7', '$2a$04$N8gLLcusNOxL75V9UK1w9eHfs8QVSRFMncdriCaUx8H7af9mtFhRO');
insert into api_user (mid, mpw) values ('user8', '$2a$04$dC/iZQ4.sde/z0XgO75uDOm5fcDMBM5O/It9bkjyR6Z.wLozLbB3C');
insert into api_user (mid, mpw) values ('user9', '$2a$04$dj9pBjb0MdvIAO8/T4Zny.QXa7NRiAFuO6M./E6.h6yDBLbXQgCqG');
insert into api_user (mid, mpw) values ('user10', '$2a$04$ktBfv6TVrGKcKd5wdkXd2OH.0.4p1KI/L9.bYTNuc.TTFs6n/OnXO');
insert into api_user (mid, mpw) values ('user11', '$2a$04$LsP2W8/8j15T.aazFZ9P.eGkR6ZCOqqfHVvTKa7RwUZydYD8EfrwK');
insert into api_user (mid, mpw) values ('user12', '$2a$04$K21C5SjG4Uf0P70R381OGeM6psCJtsdJ5CdZ3NdbyYx1KU0O36SOa');
insert into api_user (mid, mpw) values ('user13', '$2a$04$GerRvglJhyEQuT3TFAx8N.7BMpjgb.0Q2d4zYcA0Tlo3zAZAppVh2');
insert into api_user (mid, mpw) values ('user14', '$2a$04$RQv.4ulwYq9bTifECllj3.gI//60gS2kQkQHhupkq8ZT5FHNwtg0e');
insert into api_user (mid, mpw) values ('user15', '$2a$04$h4wC.YQ9hvOjY6B5xPH9Bu3S8FqJEyl4pycR6BAGcv.jqG53pbhrW');
insert into api_user (mid, mpw) values ('user16', '$2a$04$YV/FJ/gAhp607RzKw08weOyTymdR.RG8bOafRBue8k8J8FdwdKW0q');
insert into api_user (mid, mpw) values ('user17', '$2a$04$/2W5IRq4cetjOiUbcRmv7uBE0BObbBjrmtYZsyIMKD0WPbo4IoHdC');
insert into api_user (mid, mpw) values ('user18', '$2a$04$EYXQZDpUDP.ecEXl1vD53.KVKkOMSg8WJXeNpQroI4zf7qLcDJ36q');
insert into api_user (mid, mpw) values ('user19', '$2a$04$zkpN6Z1x2DcEpUqSjNwmkOAFn8p3qGvdrwGO7RO/H8EatsAxeBsFC');
insert into api_user (mid, mpw) values ('user20', '$2a$04$F0zaIECpPwObA0yKr3aW2.yZOK.y/pat2c7Nyx/g3q6oEBB3T3FFm');
insert into api_user (mid, mpw) values ('user21', '$2a$04$fc.CGYZDiZ2NbQAATKtcJuWbhw7WdHVeUIW6fLrg3AZHyku8MynQi');
insert into api_user (mid, mpw) values ('user22', '$2a$04$5v1Se9J0oBjXJEFY0vPJieTsZezteUwDQu5BCBv.PYoBzD3k3pCgq');
insert into api_user (mid, mpw) values ('user23', '$2a$04$OXXOGPPnQIlcHw9APWa3vuDrF4/HapgeA0GIGT171iaayOXcG23ga');
insert into api_user (mid, mpw) values ('user24', '$2a$04$TmeO4aA6d7FBeLaAoA42zOxaoE0Xje2iTw4mKHLPhe9R5kuPrIjea');
insert into api_user (mid, mpw) values ('user25', '$2a$04$sceB38MzVehRVvffTljcPO9Hl.kT3jtJOjD9dQlzpND/6pmqRc8xC');
insert into api_user (mid, mpw) values ('user26', '$2a$04$GJL5Ow9eqBUbAxB8e5q3EeHF9M.qN1xVbgRu3eSPSJMDAc.qDhR76');
insert into api_user (mid, mpw) values ('user27', '$2a$04$NiSWb8SzWjVYV0zItJ89/Oygx1oiNmUJsVyIpcCBjmSrzEIDd9Gw2');
insert into api_user (mid, mpw) values ('user28', '$2a$04$BT3jJ2psjMXunFZciVbuHOw0Z32hZlqXHPpiwAQSFXwaMnQm53VJS');
insert into api_user (mid, mpw) values ('user29', '$2a$04$2OcK8CWWBmXVrrgHQtRJ6.RN4NypnFc91CzZ94TfPWE0L0AZor2Iy');
insert into api_user (mid, mpw) values ('user30', '$2a$04$zKui706l7W2/acDvJGDj5eHdK0yKDTeazwc092ERFNw5JmpmayvDS');
insert into api_user (mid, mpw) values ('user31', '$2a$04$9TIz5w8ABUmuGvOTlftcyuqZ3bzE2YZmEViWnn/DQ8aBDrsTd/hl6');
insert into api_user (mid, mpw) values ('user32', '$2a$04$qvCG.jPMgjb.ekbtXytUtuIRG6GpuAXkeWooVCyu5paiA315Wk34K');
insert into api_user (mid, mpw) values ('user33', '$2a$04$UDdPBYaD1SL7qBw.i0wCd.2wBw8mP.zjPCru2I4grW3nQJL19LmD.');
insert into api_user (mid, mpw) values ('user34', '$2a$04$czUDzepdMT58sw/mp0xYdu2sTnmlSeFFPOJlXc7pBpqtUkAOYEttm');
insert into api_user (mid, mpw) values ('user35', '$2a$04$3G6RmVREfTIJO20TEC3Duu6j6AS7OQGRfvPrcunuCA/8z/ckK3/GC');
insert into api_user (mid, mpw) values ('user36', '$2a$04$e1oVuPaOfm0G8vmiqNBazu4xGkfuFRrntC.rsJZdciCEvOd3w5IKe');
insert into api_user (mid, mpw) values ('user37', '$2a$04$OY3erW2nOkuioZZ7.dTOeOerGm.wWJ8jvsYE.OY1aBEXoutIIJqPK');
insert into api_user (mid, mpw) values ('user38', '$2a$04$dvewAxnEZDiVM0jjt7INg.D8dCa3tqYNw1PU77KrbDkp4usgwG9f6');
insert into api_user (mid, mpw) values ('user39', '$2a$04$fJ/yRwqMUO5FDcJDDf.JTOmxCP6CE1bakE.tYFUWbBBpMVGQ1DiNy');
insert into api_user (mid, mpw) values ('user40', '$2a$04$oCQ31hAdPDiE535yECYXzersy1W6bS3c2e1gN9s5yQhfRCayfvILG');
insert into api_user (mid, mpw) values ('user41', '$2a$04$OtsItL.4BbvkI8TgWld94.SKBN2C6ZkGk92lwe6l9SPGkwubX5HpS');
insert into api_user (mid, mpw) values ('user42', '$2a$04$IUXyqb07lk3tE0zT2RItsOLe4./Ybrne3n0ix69McE9LA8VoNM1ou');
insert into api_user (mid, mpw) values ('user43', '$2a$04$ATBkruzowLIk.hseoivu5.4FnzsIXF6wOB8EKE5tMk30OO1Wo11Fy');
insert into api_user (mid, mpw) values ('user44', '$2a$04$FkPwjCNqQ9IR9a2xpMS9M.ETec0GCPjAz7SX3sl0uy93zDg7Gd4qa');
insert into api_user (mid, mpw) values ('user45', '$2a$04$CDKr/HB4DDrWDHU9XQNaMurtmPeT.F5mkyxO5ThlOK2/gBzQB9fHS');
insert into api_user (mid, mpw) values ('user46', '$2a$04$g6FG0ErzQh17zyjbLSNvnOWhGbj5KynvGIkh8zb1RpIIkcqYex/Jq');
insert into api_user (mid, mpw) values ('user47', '$2a$04$LWuN/HQhDgKOC/WVqTRtb.7GIgLc/oMyX45h6SzJ3CV2E8emE3kpW');
insert into api_user (mid, mpw) values ('user48', '$2a$04$rTToLXcZpl4ITdBe79H.suyuR4jiqu.DkiF0JYBYPx9iH8xxvtlAa');
insert into api_user (mid, mpw) values ('user49', '$2a$04$1I3rTAtPkey.2Ff6Ct0d1.ylcmcPRPIh1zv.Sttw9daTX8ZY.ipDG');
insert into api_user (mid, mpw) values ('user50', '$2a$04$u5lzRuCKWPYowwZgSRbBQODi.8KuqGitml4VTJQQrZGu299Lb2Akq');
